Word,Count
THEM,12
EM,9
DOWN AND,8
AM,4
AND,4
BARON,4
BERM,3
TELL ME,2
THOU,2
UM,2
TAM,2
HAND,2
BANG,2
HUNG,2
MANNER,1
ARNE,1
DOWNWARD,1
DAM HIE PI,1
DAN HIM,1
DUMMY,1
BANE,1
BARREL,1
NARROWLY,1
ANE,1
BANI,1
LATIN,1
AR,1
FAIRER,1
VEHEMENT,1
DON IT,1
TALENT,1
ELL,1
DANNIE,1
HANG,1
GUM,1
FA,1
HELEN,1
ARM,1
LOUDLY,1
DINING,1
YELL,1
ANA,1
NINE,1
TE,1
THE HAND,1
BUNNY,1
DAN IT,1
BARACK,1
VAL,1
FALL,1
WELL,1
NELL,1
DAN ON,1
TUM,1
TOWN IT,1
DENIM,1
