Word,Count
HOW,6
KNOW,5
NAN,4
IN ALL,4
AND ALL,4
NARROW,3
NAIL,3
HE,3
HA,3
HOME,2
NARA,2
OW,2
ALL,2
ME,2
NILE,2
YOU KNOW,1
NOWT,1
IS HAIR,1
AND HER,1
THEY ALL,1
MEADOW,1
NOR HEM,1
WIN ALL,1
IN EUROPE,1
GARD,1
AN ALL,1
NARY,1
AN OUR,1
NORA,1
MOM,1
IN HAIL,1
YON,1
EM,1
LA,1
LAW,1
AND ON,1
NOLA,1
IN HER,1
ERE,1
NAY,1
OUD,1
IN OIL,1
AH,1
NIL,1
ING OM,1
NERO,1
HALLO,1
HELL,1
NOTE,1
NO AT IT,1
AND NODDED,1
GNAWED,1
IR,1
AN HER,1
YELLOW,1
MANNA,1
NAMA,1
IN ORDER,1
EN,1
ENOL,1
EL,1
MI,1
AND OUR,1
THE GAB,1
NI AD PICK UP,1
AN AL,1
NE'ER,1
HOW OUT,1
