Word,Count
WHITE,16
OR WRITE,4
WRITING,3
OR RITE,3
QUITE,2
LENGTH,2
MAD,2
OR HEAT,2
OR WHITE,2
AND,2
AROUND,2
THE NIGHT,2
LANK,1
WHITE MA,1
THE IT,1
ALL  RIGHT,1
HANK,1
OR HATE,1
WELL,1
ALL LIGHT,1
LAID,1
AND LIGHT,1
OR LI IT,1
MA,1
ROUNCE,1
OR RIOT,1
BRAD,1
ALL HEAT,1
MO HOUSE,1
OR HAB IT,1
ARNOLD,1
ON HEIGHT,1
OR HAS,1
MIT OR,1
NOW IT,1
RIGHT THEY'LL,1
END,1
THE HIGHT,1
BRAND,1
RANKED,1
MOUNTAIN,1
HANGS ID,1
OR ON IT,1
MATE,1
ANA IT,1
WARLIKE,1
NASTY,1
BOUT IT,1
MANS,1
HALF,1
OR I'VE,1
MARRIED,1
LAUGHED,1
OD,1
LIGHT PER,1
WHY HIT,1
ROLLING IT,1
ILL IT,1
IT AIN'T,1
AND DIT,1
WHY NOT,1
NET MAN,1
ANS,1
ALL ON IT,1
OR HAD,1
OR LIGHTENING,1
NO,1
OR AN IT,1
MAID,1
