Word,Count
SOUGHT,6
STAR UP,6
THOUGHT,5
STIRRUP,3
SOUTH,3
CAB,3
STABLE,2
CHILD,2
SIDED,2
TIME,2
THAT,2
STRENGTH,2
AB,2
SADDEN,1
IS TA,1
STA THE,1
TIRE,1
STUMPED,1
IS DID,1
FATE,1
CARD,1
TIDE,1
TO TOG UP,1
STONE UP,1
IT'S THAT,1
STOUTLY,1
START TE,1
SABLE,1
AR,1
THE CAB,1
STOPPING,1
STRAIGHT,1
STRIDE,1
LAD,1
STABBED,1
CHAT,1
STAY UP,1
SILENT,1
STOOD UP,1
HARD,1
SPREAD,1
AM,1
DAK,1
JAB,1
SNAKE,1
STRIFE,1
THEN,1
TANG,1
STARED,1
FLAB,1
TINE UP,1
STYLET,1
BESIDE,1
AN,1
TON UP,1
STAGGERED,1
JOOK UP,1
STAMP THE,1
ST THAT,1
ARB,1
TE CAMP,1
FAB,1
TREAD,1
ITS THAT,1
ADM,1
STAMIN,1
SATING,1
SADLY,1
TURN UP,1
TENTH,1
