Word,Count
HE ASKED,15
YOU ASK,6
ASK,4
YE ASK,3
ERIS,2
NICE,2
NURSE,2
ANIS,2
MISS,2
WORSE,2
LEFT,2
AF,2
NA,2
AN AF,1
ERT,1
MUST,1
AMISS,1
YES OE,1
AND ASKED,1
YES AND,1
HE HAS,1
YE HAVE,1
THIS,1
YOU AS,1
HARRIS,1
YE HEST,1
WORTH,1
ASKED,1
MAT,1
ASP,1
THE AF,1
ENOUGH,1
YE HATH,1
JO,1
YES MY,1
YE ASKED,1
YE SOM,1
YE EARTH,1
MASK,1
MAST,1
YES NA,1
NERVOUS,1
HOP,1
ASA,1
YES  BA,1
YES YE,1
THE EARTH,1
HE IS,1
YOU AF,1
HE ASKED ME,1
NORSE,1
HE AS,1
YES OR DI,1
HAS IT,1
DEAREST,1
GASP,1
YES BI,1
MASS,1
HE ASK,1
YES OR,1
NOUS,1
YO ASK,1
LAUGH,1
YOU LEFT,1
LASS,1
